_id,Mouse_Path_Length,Mouse_Avg_Speed,Mouse_Max_Speed,Mouse_Stops,Mouse_Click_Frequency,Mouse_Scroll_Speed,Mouse_Scroll_Direction_Changes,Avg_Click_X,Avg_Click_Y,Click_Spread,Typing_Speed,Keypress_Interval_Avg,Key_Hold_Duration_Avg,Special_Key_Usage,Error_Corrections,Pause_Between_Typing,Interaction_Duration,Mouse_Keyboard_Interaction_Correlation,Response_Time,Result
6740c74d6a44fbbf29ae6cbc,106.88779163215975,21.326375026368666,0.14542556684647584,2,0.19952114924181966,0.0,0,680.0,334.0,0.0,1.3966480446927376,113.57142857142857,113.57142857142857,0,0,78.0,5.012,0.8,0.0,0
6740c7506a44fbbf29ae6cbd,0.0,0.0,0.0,4,0.09991008092716555,0.0,0,684.0,422.0,0.0,0.2997302427814966,122.33333333333333,122.33333333333333,1,0,67.0,10.009,0.8,0.0,0
6740c7556a44fbbf29ae6cbe,83.14202069465767,5.5387396372432,0.5890150893739515,9,0.06661781360335754,0.0,0,654.0,496.0,0.0,0.732795949636933,186.5,186.5,11,0,906.0,15.011,0.8,0.0,0
6740c75a6a44fbbf29ae6cbf,725.455149409149,36.26006644720093,4.712120714991612,6,0.049982506122857,0.0,0,1198.0,318.0,0.0,0.0,0.0,0.0,11,0,0.0,20.007,0.8,0.0,0
6742b5789c127b74bcf46e9e,1548.0928103780263,103.20618735853509,5.457219988235768,15,0.13333333333333333,0.0,0,908.0,483.0,126.50691680694776,1.8,137.07692307692307,137.07692307692307,1,0,383.0,15.0,0.8,0.0,0
6742b5799c127b74bcf46e9f,1548.0928103780263,154.7319150802625,5.457219988235768,15,0.19990004997501248,0.0,0,908.0,483.0,126.50691680694776,1.5992003998000999,121.875,121.875,0,0,176.0,10.005,0.8,0.0,0
6742b5799c127b74bcf46ea0,1488.3041773621048,297.30407058771567,5.457219988235768,8,0.1997602876548142,0.0,0,859.0,443.0,0.0,0.1997602876548142,0.0,127.0,0,0,0.0,5.006,0.8,0.0,0
6742b57a9c127b74bcf46ea1,569.0146862571946,56.86734821678939,0.8353309390761112,84,0.4997001798920648,0.0,0,969.2,563.6,92.64593543336295,1.798920647611433,209.88235294117646,209.88235294117646,1,0,514.0,10.006,0.8,0.0,0
6742b57a9c127b74bcf46ea2,992.2278482068094,49.59899266217493,1.3131810402394806,137,0.4498875281179705,0.0,0,921.5555555555555,567.1111111111111,88.95222904482917,1.0497375656085979,192.0,192.0,1,0,545.0,20.005,0.8,0.0,0
6742b57a9c127b74bcf46ea3,737.6035625084721,49.15390927019006,0.8894442709417556,111,0.46648007463681196,0.0,0,938.4285714285714,555.7142857142857,75.33876303098116,1.332800213248034,197.05263157894737,197.05263157894737,1,0,545.0,15.006,0.8,0.0,0
6742b57a9c127b74bcf46ea4,350.5583556860363,70.02763797164128,0.8353309390761112,24,0.5992808629644426,0.0,0,985.0,534.3333333333334,89.96145427217716,1.9976028765481422,213.33333333333334,213.33333333333334,1,0,287.0,5.006,0.8,0.0,0
6742b57f9c127b74bcf46ea5,153.3079996436684,30.624850108603358,0.9706813185707357,9,0.3995205753096284,0.0,0,884.0,493.5,71.8679344353238,1.3983220135836996,157.71428571428572,157.71428571428572,1,0,177.0,5.006,0.8,0.0,0
6742b5909c127b74bcf46ea6,109.6173432139636,21.892818696617457,0.5340002340823456,26,0.19972039145196727,0.0,0,953.0,451.0,0.0,1.3980427401637707,141.57142857142858,141.57142857142858,0,0,97.0,5.007,0.8,0.0,0
6742b5959c127b74bcf46ea7,83.06605563120904,8.299965590648386,0.9395810236483068,5,0.09992006394884094,0.0,0,947.0,533.0,0.0,0.49960031974420466,102.4,102.4,0,0,48.0,10.008,0.8,0.0,0
6742b5a59c127b74bcf46ea8,128.4807100922709,25.665343606126825,1.1333333333333333,4,0.1997602876548142,0.0,0,860.0,451.0,0.0,1.7978425888933278,161.77777777777777,161.77777777777777,0,0,112.0,5.006,0.8,0.0,0
6742b5aa9c127b74bcf46ea9,0.0,0.0,0.0,1,0.09999000099990002,0.0,0,862.0,523.0,0.0,1.0998900109989003,134.4,134.4,1,0,240.0,10.001,0.8,0.0,0
6742b5ab9c127b74bcf46eaa,27.459060435491963,5.34430915443596,3.9227229193559947,1,0.3892565200467108,0.0,0,692.5,329.5,27.459060435491963,2.7247956403269757,98.0,98.0,0,0,105.0,5.138,0.8,0.0,0
6742b5b09c127b74bcf46eab,105.75761209700134,10.574703739326202,1.3243512562760682,10,0.09999000099990002,0.0,0,676.0,431.0,0.0,0.9999000099990002,146.4,146.4,3,0,676.0,10.001,0.8,0.0,0
6742b5b59c127b74bcf46eac,73.01007473201571,4.867013847877856,1.2408837123369993,5,0.06666222251849876,0.0,0,656.0,499.0,0.0,0.7332844477034864,86.45454545454545,86.45454545454545,3,0,108.0,15.001,0.8,0.0,0
6742b5b59c127b74bcf46ead,174.0407265531799,34.780321053792946,1.0625,8,0.19984012789768188,0.0,0,871.0,448.0,0.0,1.7985611510791368,131.44444444444446,131.44444444444446,0,0,112.0,5.004,0.8,0.0,0
6742b5ba9c127b74bcf46eae,105.96755646236804,10.59569607662914,0.4,15,0.0,0.0,0,0.0,0.0,0.0,1.5998400159984003,132.26666666666668,132.26666666666668,1,0,206.0,10.001,0.8,0.0,0
6742b5bd9c127b74bcf46eaf,1815.528131812107,362.8878936262456,8.75,10,0.3997601439136518,0.0,0,1042.0,323.0,669.3190569526614,0.0,0.0,0.0,0,0,0.0,5.003,0.8,0.0,0
6742b5c29c127b74bcf46eb0,174.2425947537944,34.8345851167122,0.7288689868556626,21,0.39984006397441024,0.0,0,892.5,492.0,74.54528824815154,2.1991203518592566,147.3,147.3,1,0,192.0,5.002,0.8,0.0,0
6742b5c79c127b74bcf46eb1,79.50097992344215,5.299712014095204,1.0307764064044151,8,0.06666222251849876,0.0,0,723.0,421.0,0.0,0.3999733351109926,247.16666666666666,247.16666666666666,7,0,938.0,15.001,0.8,0.0,0
6742b5cc9c127b74bcf46eb2,1583.2163431419672,316.2637521258424,8.307693890471517,44,0.3995205753096284,0.0,0,906.5,488.0,78.00640999302557,1.1985617259288852,144.0,144.0,1,0,80.0,5.006,0.8,0.0,0
6742b5cc9c127b74bcf46eb3,143.49485127668655,7.170082010527484,1.2747548783981961,11,0.04996752111127767,0.0,0,697.0,509.0,0.0,0.7994803377804427,89.875,89.875,7,0,170.0,20.013,0.8,0.0,0
6742b5d19c127b74bcf46eb4,58.86718080522833,5.8826002603405945,0.7615773105863909,1,0.0,0.0,0,0.0,0.0,0.0,0.899370440691516,198.22222222222223,198.22222222222223,3,0,352.0,10.007,0.8,0.0,0
6742b5d39c127b74bcf46eb5,1036.6786802389686,207.21140920227234,4.466329240641933,4,0.1998800719568259,0.0,0,689.0,335.0,0.0,1.1992804317409553,102.83333333333333,102.83333333333333,0,0,62.0,5.003,0.8,0.0,0
6742b5d89c127b74bcf46eb6,214.54258766450081,42.84852959147211,1.5,27,0.5991611743559018,0.0,0,890.6666666666666,499.0,41.73712855573602,2.7960854803275415,154.84615384615384,154.84615384615384,1,0,336.0,5.007,0.8,0.0,0
6742b5d89c127b74bcf46eb7,91.0691439175442,9.105093373079804,1.0814574300500137,3,0.0,0.0,0,0.0,0.0,0.0,1.999600079984003,90.0,90.0,10,0,93.0,10.002,0.8,0.0,0
6742b5e09c127b74bcf46eb8,306.7300119785451,61.260238062421635,1.3420210162897097,23,0.39944078290393453,0.0,0,895.5,489.5,102.45974819410792,1.5977631316157381,141.75,141.75,4,0,97.0,5.007,0.8,0.0,0
6742b5e39c127b74bcf46eb9,102.65329071134893,5.1324079151716875,0.75,6,0.049997500124993745,0.0,0,644.0,510.0,0.0,0.9499525023748812,88.6842105263158,88.6842105263158,11,0,128.0,20.001,0.8,0.0,0
6742b5eb9c127b74bcf46eba,23.490730878714047,4.6925151575537445,0.9428090415820635,3,0.1997602876548142,0.0,0,702.0,337.0,0.0,1.5980823012385137,86.125,86.125,0,0,45.0,5.006,0.8,0.0,0
6742b5eb9c127b74bcf46ebb,171.57100657742959,34.25254673136945,0.7857142857142857,28,0.3992812936713915,0.0,0,894.5,504.5,81.74350127074322,2.395687762028349,154.1818181818182,154.1818181818182,1,0,368.0,5.009,0.8,0.0,0
6742b5ef9c127b74bcf46ebc,115.34098650793209,11.532945356257583,1.7261494247992246,6,0.09999000099990002,0.0,0,637.0,430.0,0.0,0.4999500049995001,135.4,135.4,1,0,214.0,10.001,0.8,0.0,0
6742b5f59c127b74bcf46ebd,204.56428070583772,40.84750014094204,0.5659615711335886,52,0.3993610223642173,0.0,0,892.5,504.5,102.9271587094485,3.194888178913738,142.75,142.75,0,0,192.0,5.008,0.8,0.0,0
6742b5f99c127b74bcf46ebe,0.0,0.0,0.0,0,0.04999250112483127,0.0,0,645.0,505.0,0.0,0.6998950157476379,97.92857142857143,97.92857142857143,3,0,68.0,20.003,0.8,0.0,0
6742b5ff9c127b74bcf46ebf,240.77559107687648,48.14548911755178,0.6363636363636364,40,0.3999200159968006,0.0,0,873.0,488.5,85.09406559801923,2.9994001199760048,184.4,184.4,1,0,336.0,5.001,0.8,0.0,0
6742b6089c127b74bcf46ec0,160.81298500495566,32.143311014382505,0.42857142857142855,23,0.3997601439136518,0.0,0,870.5,491.0,83.3606621854697,2.3985608634819107,201.41666666666666,201.41666666666666,1,0,657.0,5.003,0.8,0.0,0
6742b6119c127b74bcf46ec1,257.47181164199515,51.45319976858416,1.0852547064066471,27,0.39968025579536376,0.0,0,886.5,487.5,75.32595834106593,3.397282174260592,166.0625,166.0625,1,0,288.0,5.004,0.8,0.0,0
6742b6169c127b74bcf46ec2,120.93264447641197,12.088429076010792,2.5342103744997617,2,0.0,0.0,0,0.0,0.0,0.0,0.7996801279488205,122.0,122.0,3,0,144.0,10.004,0.8,0.0,0
6742b61f9c127b74bcf46ec3,319.8479189619976,63.89291229764235,0.0,23,0.3995205753096284,0.0,0,909.5,483.0,76.79192665899195,2.3971234518577704,170.0,170.0,1,0,448.0,5.006,0.8,0.0,0
6742b61f9c127b74bcf46ec4,0.0,0.0,0.0,2,0.1999600079984003,0.0,0,704.0,332.0,0.0,2.599480103979204,106.76923076923077,106.76923076923077,6,0,74.0,5.001,0.8,0.0,0
6742b6279c127b74bcf46ec5,757.2921744421637,151.30712776067207,2.23606797749979,51,0.3996003996003996,0.0,0,874.0,492.0,71.386273190299,2.3976023976023977,184.63636363636363,184.63636363636363,1,0,224.0,5.005,0.8,0.0,0
6742b6299c127b74bcf46ec6,59.389322583135815,3.959024237259904,1.118033988749895,0,0.0,0.0,0,0.0,0.0,0.0,0.4666355576294914,100.14285714285714,100.14285714285714,13,0,88.0,15.001,0.8,0.0,0
6742b6329c127b74bcf46ec7,387.5060427499589,77.42378476522656,1.0,46,0.5994005994005994,0.0,0,896.6666666666666,533.3333333333334,92.88419157187612,2.797202797202797,142.71428571428572,142.71428571428572,0,0,95.0,5.005,0.8,0.0,0
6742b6369c127b74bcf46ec8,5.414213562373095,0.5411507808468861,0.058823529411764705,5,0.0,0.0,0,0.0,0.0,0.0,0.2998500749625187,282.6666666666667,282.6666666666667,0,0,288.0,10.005,0.8,0.0,0
6742b6389c127b74bcf46ec9,97.20068247057368,3.239482835213254,1.375,7,0.03332777870354941,0.0,0,650.0,509.0,0.0,0.0,0.0,0.0,13,0,0.0,30.005,0.8,0.0,0
6742b63b9c127b74bcf46eca,95.67215092003524,6.376018055317243,0.6666666666666666,17,0.19993335554815062,0.0,0,909.6666666666666,676.0,0.5,0.2665778073975341,184.0,184.0,0,0,31.0,15.005,0.8,0.0,0
6742b63e9c127b74bcf46ecb,61.10312149419721,1.7452051152232724,0.6706914265289047,3,0.0,0.0,0,0.0,0.0,0.0,0.42842454015766024,111.4,111.4,13,0,175.0,35.012,0.8,0.0,0
6742b6409c127b74bcf46ecc,184.1020341741694,9.202801008456357,1.9008632907181937,6,0.0,0.0,0,0.0,0.0,0.0,0.24993751562109473,137.4,137.4,0,0,49.0,20.005,0.8,0.0,0
6742b6429c127b74bcf46ecd,95.02498439450079,2.374734084580802,2.0,3,0.024990628514307136,0.0,0,695.0,580.0,0.0,0.09996251405722854,80.75,80.75,18,0,41.0,40.015,0.8,0.0,0
6742b64a9c127b74bcf46ece,134.54847528543445,26.85598309090508,1.2282713539894765,8,0.1996007984031936,0.0,0,678.0,327.0,0.0,1.3972055888223553,101.28571428571429,101.28571428571429,0,0,43.0,5.01,0.8,0.0,0
6742b64b9c127b74bcf46ecf,73.23529094303319,14.638275223472554,0.7453559924999299,5,0.1998800719568259,0.0,0,867.0,447.0,0.0,2.198680791525085,187.36363636363637,187.36363636363637,0,0,144.0,5.003,0.8,0.0,0
6742b64f9c127b74bcf46ed0,0.0,0.0,0.0,3,0.099930048965724,0.0,0,681.0,430.0,0.0,0.599580293794344,124.83333333333333,124.83333333333333,0,0,108.0,10.007,0.8,0.0,0
6742b6519c127b74bcf46ed1,96.40678867987079,9.638751117763526,1.0588235294117647,4,0.09998000399920015,0.0,0,873.0,533.0,0.0,0.7998400319936012,242.5,242.5,1,0,336.0,10.002,0.8,0.0,0
6742b6559c127b74bcf46ed2,188.73992401416515,12.580145571829977,0.7601169500660919,20,0.06665333599946677,0.0,0,881.0,620.0,0.0,0.4665733519962674,187.57142857142858,187.57142857142858,1,0,145.0,15.003,0.8,0.0,0
6742b65c9c127b74bcf46ed3,83.33593554974269,16.65386401873355,0.7333333333333333,10,0.19984012789768188,0.0,0,864.0,449.0,0.0,4.596322941646683,114.69565217391305,114.69565217391305,8,0,96.0,5.004,0.8,0.0,0
6742b6619c127b74bcf46ed4,142.06407166520643,14.200726875770336,1.25,15,0.09996001599360256,0.0,0,923.0,542.0,0.0,0.9996001599360256,146.7,146.7,9,0,96.0,10.004,0.8,0.0,0
6742b6649c127b74bcf46ed5,218.24400538000765,43.552984510079355,1.6386339149628375,10,0.39912193175014965,0.0,0,682.0,379.5,102.35721762533407,1.3969267611255238,93.28571428571429,93.28571428571429,0,0,57.0,5.011,0.8,0.0,0
6742b66d9c127b74bcf46ed6,352.41038657908484,70.42573672643583,1.8252760484543769,31,0.5995203836930456,0.0,0,896.3333333333334,527.0,100.28115799750302,0.9992006394884093,131.6,131.6,0,0,224.0,5.004,0.8,0.0,0
6742b6729c127b74bcf46ed7,250.39406558187696,25.024391923033875,1.3125,16,0.1998800719568259,0.0,0,907.5,617.5,156.46724896923317,0.4997001798920648,276.25,276.25,1,0,240.0,10.006,0.8,0.0,0
6742b67c9c127b74bcf46ed8,2658.633466837431,265.8633466837431,10.448754499376244,11,0.6,0.0,0,639.6666666666666,291.5,379.4612758661423,0.0,0.0,0.0,0,0,0.0,10.0,0.8,0.0,0
6742b67e9c127b74bcf46ed9,2173.6131472056463,434.2015875360859,0.0,28,0.9988014382740711,0.0,0,753.2,356.0,122.99919922000157,1.1985617259288852,138.33333333333334,138.33333333333334,0,0,176.0,5.006,0.8,0.0,0
6742b6819c127b74bcf46eda,596.4332806246848,39.76221870831232,6.886373888246246,1,0.06666666666666667,0.0,0,1252.0,268.0,0.0,1.0,98.06666666666666,98.06666666666666,0,0,110.0,15.0,0.8,0.0,0
6742b6869c127b74bcf46edb,22.0,1.099670098970309,0.47058823529411764,4,0.049985004498650405,0.0,0,692.0,420.0,0.0,0.29991002699190245,196.2,196.2,2,0,578.0,20.006,0.8,0.0,0
6742b68b9c127b74bcf46edc,99.52309552056562,3.980764590239015,0.7647058823529411,3,0.039998400063997436,0.0,0,704.0,518.0,0.0,0.5199792008319667,89.6923076923077,89.6923076923077,2,0,88.0,25.001,0.8,0.0,0
6742b68e9c127b74bcf46edd,798.9278453265204,159.75361834163573,1.4630874888399532,25,1.999600079984003,0.0,0,925.7,608.3,64.81361616565692,0.0,0.0,0.0,0,0,0.0,5.001,0.8,0.0,0
6742b6919c127b74bcf46ede,44.510810400563955,1.4836936800187985,0.6373774391990981,2,0.0,0.0,0,0.0,0.0,0.0,0.3333333333333333,154.2,154.2,16,0,871.0,30.0,0.8,0.0,0
6742b6989c127b74bcf46edf,132.82858821669748,8.85464890451953,0.5714285714285714,33,0.06666222251849876,0.0,0,910.0,537.0,0.0,0.3999733351109926,234.16666666666666,234.16666666666666,1,0,544.0,15.001,0.8,0.0,0
6742b6a29c127b74bcf46ee0,571.5587727802248,114.26604813679025,2.2070593809662467,23,0.7996801279488205,0.0,0,819.25,446.25,55.05574129799921,0.9996001599360256,111.4,111.4,1,0,175.0,5.002,0.8,0.0,0
6742b6b09c127b74bcf46ee1,244.8082711643708,48.95186386010214,5.830951894845301,12,0.1999600079984003,0.0,0,877.0,442.0,0.0,1.999600079984003,116.8,116.8,0,0,194.0,5.001,0.8,0.0,0
6742b6b69c127b74bcf46ee2,44.76068131419398,4.475173096800038,0.4,20,0.0,0.0,0,0.0,0.0,0.0,0.5998800239952009,181.6,181.6,1,0,239.0,10.002,0.8,0.0,0
6742b6c19c127b74bcf46ee3,92.33147186495934,18.440477704205982,1.1473474844178637,3,0.19972039145196727,0.0,0,872.0,450.0,0.0,0.7988815658078691,180.0,180.0,0,0,161.0,5.007,0.8,0.0,0
6742b6c69c127b74bcf46ee4,93.03975977118357,9.295609928182992,0.5962847939999439,7,0.1998201618543311,0.0,0,901.5,522.0,20.024984394500787,0.6993705664901588,159.5,159.5,1,0,209.0,10.009,0.8,0.0,0
6742b6d19c127b74bcf46ee5,167.66663589935388,33.50652196230094,0.75,19,0.39968025579536376,0.0,0,890.5,504.0,91.98369420718001,1.9984012789768186,140.9,140.9,1,0,112.0,5.004,0.8,0.0,0
6742b6d79c127b74bcf46ee6,76.7409287684687,7.671024467060047,0.7730823048033113,4,0.0,0.0,0,0.0,0.0,0.0,0.7996801279488205,126.0,126.0,1,0,80.0,10.004,0.8,0.0,0
6742b6e09c127b74bcf46ee7,100.97634678398926,5.047807777643934,0.6525191568069094,16,0.049990001999600076,0.0,0,935.0,621.0,0.0,0.0,0.0,0.0,1,0,0.0,20.004,0.8,0.0,0
6742b6ea9c127b74bcf46ee8,75.17544327860796,15.026073011914443,0.45175395145262565,14,0.1998800719568259,0.0,0,922.0,462.0,0.0,1.3991605036977812,155.57142857142858,155.57142857142858,0,0,129.0,5.003,0.8,0.0,0
6742b6ef9c127b74bcf46ee9,1.0,0.09997000899730081,0.0002397506593143131,2,0.0,0.0,0,0.0,0.0,0.0,0.8997300809757073,227.55555555555554,227.55555555555554,1,0,447.0,10.003,0.8,0.0,0
6742b6f49c127b74bcf46eea,113.0580469092367,7.5356959880848295,0.4,44,0.06665333599946677,0.0,0,911.0,603.0,0.0,0.5332266879957341,151.625,151.625,1,0,143.0,15.003,0.8,0.0,0
6742b6fa9c127b74bcf46eeb,164.9520596915023,32.95745448381665,0.8125,8,0.1998001998001998,0.0,0,904.0,466.0,0.0,2.5974025974025974,133.0,133.0,4,0,128.0,5.005,0.8,0.0,0
6742b6ff9c127b74bcf46eec,1.0,0.09995002498750624,0.0002577984016499098,1,0.0,0.0,0,0.0,0.0,0.0,1.299350324837581,158.75,158.75,5,0,337.0,10.005,0.8,0.0,0
6742b7049c127b74bcf46eed,184.17549452892825,12.27427487696956,0.5,42,0.13328890369876706,0.0,0,903.0,645.5,61.5223536610881,0.46651116294568473,164.71428571428572,164.71428571428572,6,0,80.0,15.005,0.8,0.0,0
6742b70c9c127b74bcf46eee,218.05927539375904,43.56828679195985,1.1157499537009505,12,0.3996003996003996,0.0,0,882.5,487.0,117.64777940955791,1.998001998001998,332.4,332.4,0,0,720.0,5.005,0.8,0.0,0
6742b7119c127b74bcf46eef,2.0,0.19992003198720512,0.023809523809523808,2,0.0,0.0,0,0.0,0.0,0.0,0.4998000799680128,208.0,208.0,1,0,240.0,10.004,0.8,0.0,0
6742b71b9c127b74bcf46ef0,829.008618717164,165.7023023620156,1.4907119849998598,33,0.7995202878273036,0.0,0,936.0,535.0,130.8855881112128,0.1998800719568259,0.0,191.0,0,0,0.0,5.003,0.8,0.0,0
6742b7209c127b74bcf46ef1,18.892922226992173,1.888914439811255,0.14907119849998599,14,0.09998000399920015,0.0,0,881.0,541.0,0.0,1.1997600479904018,226.63636363636363,226.63636363636363,1,0,367.0,10.002,0.8,0.0,0
6742b7259c127b74bcf46ef2,430.5727191257048,28.701021138895133,2.271597730673281,27,0.19997333688841487,0.0,0,938.0,667.0,88.0471258484295,0.19997333688841487,138.66666666666666,138.66666666666666,1,0,32.0,15.002,0.8,0.0,0
6742b72f9c127b74bcf46ef3,79.40956433253277,15.853376788287635,0.7777777777777778,10,0.19964064683569574,0.0,0,901.0,454.0,0.0,2.395687762028349,143.75,143.75,0,0,95.0,5.009,0.8,0.0,0
6742b7349c127b74bcf46ef4,100.6043081442121,10.05138456830973,1.1925695879998879,3,0.09991008092716555,0.0,0,927.0,549.0,0.0,0.8991907283444899,147.55555555555554,147.55555555555554,1,0,160.0,10.009,0.8,0.0,0
6742b7399c127b74bcf46ef5,80.48547415061115,5.3628380963893365,1.6288220358559113,0,0.06663113006396588,0.0,0,945.0,627.0,0.0,0.599680170575693,115.55555555555556,115.55555555555556,2,0,64.0,15.008,0.8,0.0,0
6742b7449c127b74bcf46ef6,101.82587207170732,20.348895298102985,0.7831227553838542,4,0.0,0.0,0,0.0,0.0,0.0,0.9992006394884093,127.8,127.8,0,0,49.0,5.004,0.8,0.0,0
6742b7489c127b74bcf46ef7,12.675510736134258,1.2670442559110615,0.7284313590846835,2,0.09996001599360256,0.0,0,921.0,444.0,0.0,1.1995201919232308,138.66666666666666,138.66666666666666,0,0,224.0,10.004,0.8,0.0,0
6742b74d9c127b74bcf46ef8,96.95073679991413,6.462090035320545,1.1896322597739226,1,0.06665333599946677,0.0,0,899.0,528.0,0.0,0.19996000799840033,122.0,122.0,1,0,15.0,15.003,0.8,0.0,0
6742b7529c127b74bcf46ef9,188.98731291629267,9.447476150584516,1.5,12,0.049990001999600076,0.0,0,893.0,611.0,0.0,0.4499100179964007,142.33333333333334,142.33333333333334,1,0,112.0,20.004,0.8,0.0,0
6742bc26d406b096220fbbe6,1261.4076366288516,179.91836209226238,0.9244341858649742,4,0.0,0.0,0,0.0,0.0,0.0,1.426330052774212,113.8,113.8,0,0,160.0,7.011,0.8,0.0,1
6742bc34d406b096220fbbe7,1754.3265255105828,250.40344354989762,0.9319783871181571,4,0.0,0.0,0,0.0,0.0,0.0,0.4282043962318013,135.0,135.0,0,0,186.0,7.006,0.8,0.0,1
6742bc61d406b096220fbbe8,2497.461881687414,356.4238449675202,2.5144581921360314,4,0.0,0.0,0,0.0,0.0,0.0,1.1417154274297132,94.125,94.125,0,0,158.0,7.007,0.8,0.0,1
6742bc71d406b096220fbbe9,2356.2374938999883,336.5092107826319,1.4664120171200912,4,0.0,0.0,0,0.0,0.0,0.0,1.2853470437017995,104.11111111111111,104.11111111111111,0,0,157.0,7.002,0.8,0.0,1
6742bc80d406b096220fbbea,1910.540502206616,272.46727070830235,0.789364815064069,4,0.0,0.0,0,0.0,0.0,0.0,0.713063320022818,96.6,96.6,0,0,119.0,7.012,0.8,0.0,1
6742bcb5d406b096220fbbeb,2297.097451318296,327.5017752093379,0.8898957172802717,4,0.0,0.0,0,0.0,0.0,0.0,0.8554319931565441,97.66666666666667,97.66666666666667,0,0,131.0,7.014,0.8,0.0,1
6742bcc4d406b096220fbbec,2534.3638644208504,362.05198063155007,1.7916165366969508,4,0.0,0.0,0,0.0,0.0,0.0,1.7142857142857142,104.08333333333333,104.08333333333333,0,0,155.0,7.0,0.8,0.0,1
6742bcd4d406b096220fbbed,2359.946260893045,336.6542454911619,1.8560599876313133,4,0.0,0.0,0,0.0,0.0,0.0,0.9985734664764623,79.85714285714286,79.85714285714286,0,0,156.0,7.01,0.8,0.0,1
6742bcf5d406b096220fbbee,1261.6723882282165,180.0074744226304,1.0437645541234117,4,0.0,0.0,0,0.0,0.0,0.0,0.9987159366528748,103.71428571428571,103.71428571428571,0,0,124.0,7.009,0.8,0.0,1
6742bd05d406b096220fbbef,2041.435456408255,291.4670840103163,1.433720877840438,12,0.0,0.0,0,0.0,0.0,0.0,0.5711022272986865,122.5,122.5,0,0,135.0,7.004,0.8,0.0,1
6742bd1dd406b096220fbbf0,720.2685548755828,51.43673176287815,5.1908038341324785,1,0.0,0.0,0,0.0,0.0,0.0,2.356637863315004,104.45454545454545,104.45454545454545,0,0,200.0,14.003,0.8,0.0,1
6742bd29d406b096220fbbf1,1911.3617164396842,273.01267196681675,1.5413323637433651,4,0.0,0.0,0,0.0,0.0,0.0,0.571346950435652,95.25,95.25,0,0,187.0,7.001,0.8,0.0,1
6742bd3ad406b096220fbbf2,2502.4907168049754,356.7342433079081,1.8277118747741468,4,0.0,0.0,0,0.0,0.0,0.0,0.9978617248752674,91.57142857142857,91.57142857142857,0,0,125.0,7.015,0.8,0.0,1
6742bd4ad406b096220fbbf3,1810.0367942091602,258.4659137811167,1.0523773013576416,4,0.0,0.0,0,0.0,0.0,0.0,0.4283878337855205,111.33333333333333,111.33333333333333,0,0,127.0,7.003,0.8,0.0,1
6742bd5bd406b096220fbbf4,1796.015211211429,256.57360160163273,0.6723310378495042,4,0.0,0.0,0,0.0,0.0,0.0,0.7142857142857143,108.4,108.4,0,0,94.0,7.0,0.8,0.0,1
6742bd6dd406b096220fbbf5,2024.2482887103745,288.84821471323835,1.0044245037403534,4,0.0,0.0,0,0.0,0.0,0.0,0.7134703196347032,129.2,129.2,0,0,103.0,7.008,0.8,0.0,1
6742bd7ed406b096220fbbf6,2751.2090424777116,392.9737241076577,2.2433274861681944,4,0.0,0.0,0,0.0,0.0,0.0,0.571346950435652,110.25,110.25,0,0,67.0,7.001,0.8,0.0,1
6742bd8ed406b096220fbbf7,1797.9760841936318,256.3410442249261,0.6439504766992623,4,0.0,0.0,0,0.0,0.0,0.0,0.42771599657827203,100.0,100.0,0,0,96.0,7.014,0.8,0.0,1
6742bda0d406b096220fbbf8,1925.3524610429736,275.01106428267013,0.6674994798166929,4,0.0,0.0,0,0.0,0.0,0.0,0.571346950435652,145.0,145.0,0,0,161.0,7.001,0.8,0.0,1
6742bdb1d406b096220fbbf9,1934.5151401380335,276.1620471289127,0.8571593913749194,4,0.0,0.0,0,0.0,0.0,0.0,0.4282655246252677,120.0,120.0,0,0,107.0,7.005,0.8,0.0,1
6742bdc1d406b096220fbbfa,2480.2071686082127,354.1129595385798,1.4732409706073186,4,0.0,0.0,0,0.0,0.0,0.0,0.8566533409480298,132.16666666666666,132.16666666666666,0,0,96.0,7.004,0.8,0.0,1
6742bdd2d406b096220fbbfb,1699.6964139255995,242.4673914301854,1.1844191388976026,4,0.0,0.0,0,0.0,0.0,0.0,1.1412268188302426,129.25,129.25,0,0,187.0,7.01,0.8,0.0,1
6742bde3d406b096220fbbfc,2400.9231486638973,342.35322239610684,1.2423543491388203,4,0.0,0.0,0,0.0,0.0,0.0,1.2833309567945246,127.44444444444444,127.44444444444444,0,0,142.0,7.013,0.8,0.0,1
6742bdf3d406b096220fbbfd,1933.1401738392974,275.9657635744893,1.305416331253669,4,0.0,0.0,0,0.0,0.0,0.0,0.5710206995003569,148.25,148.25,0,0,143.0,7.005,0.8,0.0,1
6742be04d406b096220fbbfe,1851.9070101346388,262.86827681116233,0.7582360821640748,4,0.0,0.0,0,0.0,0.0,0.0,0.28388928317955997,109.0,109.0,0,0,62.0,7.045,0.8,0.0,1
6742be27d406b096220fbbff,2681.41524341286,383.0046055439023,1.0839524757256749,4,0.0,0.0,0,0.0,0.0,0.0,0.714183688044565,105.4,105.4,0,0,151.0,7.001,0.8,0.0,1
6742be49d406b096220fbc00,2635.5318938668015,376.34326629541647,2.3826953858604316,4,0.0,0.0,0,0.0,0.0,0.0,1.4279594459517349,124.8,124.8,0,0,188.0,7.003,0.8,0.0,1
6742be59d406b096220fbc01,1806.1334727315134,257.6877547055947,1.3979675806772356,4,0.0,0.0,0,0.0,0.0,0.0,0.8560422314167498,70.83333333333333,70.83333333333333,0,0,125.0,7.009,0.8,0.0,1
6742be6ad406b096220fbc02,2289.8256332456767,326.5115689784225,2.305716055938425,4,0.0,0.0,0,0.0,0.0,0.0,2.138884927990874,93.53333333333333,93.53333333333333,0,0,192.0,7.013,0.8,0.0,1
6742be8bd406b096220fbc03,2184.9965275717977,311.9195613949747,1.1475409836065573,4,0.0,0.0,0,0.0,0.0,0.0,0.5710206995003569,189.25,189.25,0,0,51.0,7.005,0.8,0.0,1
6742be9cd406b096220fbc04,1771.643829273483,252.83913647402358,0.9905484463113331,4,0.0,0.0,0,0.0,0.0,0.0,0.4281432852861424,105.66666666666667,105.66666666666667,0,0,120.0,7.007,0.8,0.0,1
6742beaed406b096220fbc05,1716.835563318597,244.98224362422903,1.895022720473586,4,0.0,0.0,0,0.0,0.0,0.0,0.4280821917808219,168.0,168.0,0,0,49.0,7.008,0.8,0.0,1
6742bed2d406b096220fbc06,2821.4392995648423,399.8638463102101,1.0022955553879673,4,0.0,0.0,0,0.0,0.0,0.0,0.2834467120181406,87.5,87.5,0,0,81.0,7.056,0.8,0.0,1
6742bee4d406b096220fbc07,2182.1547520355284,311.6473510476333,0.8680788390081132,4,0.0,0.0,0,0.0,0.0,0.0,0.42844901456726653,121.0,121.0,0,0,105.0,7.002,0.8,0.0,1
6742bef5d406b096220fbc08,2264.4465345146264,323.03088937441174,1.8032806270159594,4,0.0,0.0,0,0.0,0.0,0.0,1.2838801711840229,105.55555555555556,105.55555555555556,0,0,181.0,7.01,0.8,0.0,1
6742bf04d406b096220fbc09,1922.1935457386573,274.55985512621874,1.7808591424192997,4,0.0,0.0,0,0.0,0.0,0.0,0.285673475217826,70.5,70.5,0,0,17.0,7.001,0.8,0.0,1
6742bf27d406b096220fbc0a,2392.288051442813,341.2192342665544,1.6867127793433,4,0.0,0.0,0,0.0,0.0,0.0,1.1410640422193696,101.5,101.5,0,0,125.0,7.011,0.8,0.0,1
6742bf38d406b096220fbc0b,2279.497948440997,325.0389203537711,1.322313757849242,4,0.0,0.0,0,0.0,0.0,0.0,0.8555539711963497,82.16666666666667,82.16666666666667,0,0,124.0,7.013,0.8,0.0,1
6742bf49d406b096220fbc0c,1271.3785970201543,181.62551386002204,0.643848442047141,4,0.0,0.0,0,0.0,0.0,0.0,0.8571428571428571,141.66666666666666,141.66666666666666,0,0,163.0,7.0,0.8,0.0,1
6742bf59d406b096220fbc0d,2338.3092767332214,333.80574971209444,1.0374601529374912,4,0.0,0.0,0,0.0,0.0,0.0,0.28551034975017847,50.0,50.0,0,0,70.0,7.005,0.8,0.0,1
6742bf7bd406b096220fbc0e,1706.9256235378625,243.56815404364477,1.1303156836680786,4,0.0,0.0,0,0.0,0.0,0.0,1.7123287671232876,96.0,96.0,0,0,191.0,7.008,0.8,0.0,1
6742bf9ed406b096220fbc0f,1521.410884408004,216.97245927096463,0.9124537737754588,4,0.0,0.0,0,0.0,0.0,0.0,0.713063320022818,126.0,126.0,0,0,194.0,7.012,0.8,0.0,1
6742bfbfd406b096220fbc10,1983.0476540395464,282.8077087905799,1.5281115687039608,4,0.0,0.0,0,0.0,0.0,0.0,0.713063320022818,100.6,100.6,0,0,142.0,7.012,0.8,0.0,1
6742bfd0d406b096220fbc11,1539.5735385369715,219.56268376169018,1.0297900835763547,4,0.0,0.0,0,0.0,0.0,0.0,0.8556759840273817,93.66666666666667,93.66666666666667,0,0,168.0,7.012,0.8,0.0,1
6742bfdfd406b096220fbc12,2026.5689025365436,289.0556129705525,1.2608409550056807,4,0.0,0.0,0,0.0,0.0,0.0,0.5705320211096848,179.75,179.75,0,0,15.0,7.011,0.8,0.0,1
6742bff1d406b096220fbc13,2437.5984021652307,348.2283431664615,1.3641211259565595,4,0.0,0.0,0,0.0,0.0,0.0,0.42857142857142855,162.66666666666666,162.66666666666666,0,0,36.0,7.0,0.8,0.0,1
6742c001d406b096220fbc14,1777.6354228501573,253.91164445795704,0.8962867089967615,4,0.0,0.0,0,0.0,0.0,0.0,1.142693900871304,85.25,85.25,0,0,189.0,7.001,0.8,0.0,1
6742c012d406b096220fbc15,2326.3767832272456,331.91279543832866,1.9532977785711603,4,0.0,0.0,0,0.0,0.0,0.0,1.2840633471251248,84.77777777777777,84.77777777777777,0,0,126.0,7.009,0.8,0.0,1
6742c022d406b096220fbc16,2569.3777498383483,366.3735562296233,1.110180165558726,4,0.0,0.0,0,0.0,0.0,0.0,0.7129616426636247,92.0,92.0,0,0,132.0,7.013,0.8,0.0,1
6742c033d406b096220fbc17,2675.7909972857133,381.38412161997053,1.6424709184646409,4,0.0,0.0,0,0.0,0.0,0.0,1.1402508551881414,133.75,133.75,0,0,157.0,7.016,0.8,0.0,1
6742c044d406b096220fbc18,1660.4105982511064,237.13376153257732,0.7457824530127026,4,0.0,0.0,0,0.0,0.0,0.0,0.9997143673236218,57.857142857142854,57.857142857142854,0,0,135.0,7.002,0.8,0.0,1
6742c055d406b096220fbc19,1839.5235639265359,262.71401941253015,1.034866498497484,5,0.0,0.0,0,0.0,0.0,0.0,0.2856326763781777,110.0,110.0,0,0,56.0,7.002,0.8,0.0,1
6742c066d406b096220fbc1a,2621.8431296865047,373.908033326655,1.7468225121313523,4,0.0,0.0,0,0.0,0.0,0.0,1.5687393040501998,91.0909090909091,91.0909090909091,0,0,189.0,7.012,0.8,0.0,1
6742c076d406b096220fbc1b,1878.735134784504,268.16088135662346,0.8243182154310089,4,0.0,0.0,0,0.0,0.0,0.0,0.8564087924636026,85.16666666666667,85.16666666666667,0,0,171.0,7.006,0.8,0.0,1
6742c087d406b096220fbc1c,2448.808581708573,349.77982883996185,1.3129071887076595,4,0.0,0.0,0,0.0,0.0,0.0,0.857020425653478,81.66666666666667,81.66666666666667,0,0,145.0,7.001,0.8,0.0,1
6742c098d406b096220fbc1d,1908.3145886719694,272.2663131219816,2.507378001906462,4,0.0,0.0,0,0.0,0.0,0.0,1.4267370523612497,105.4,105.4,0,0,158.0,7.009,0.8,0.0,1
6742c0a8d406b096220fbc1e,2461.929493083903,350.90215123772845,2.1784165170836163,4,0.0,0.0,0,0.0,0.0,0.0,0.7126567844925884,77.6,77.6,0,0,77.0,7.016,0.8,0.0,1
6742c0bad406b096220fbc1f,1957.8829145057762,279.4580237661684,1.9966378619941076,4,0.0,0.0,0,0.0,0.0,0.0,0.9991435912075364,83.85714285714286,83.85714285714286,0,0,169.0,7.006,0.8,0.0,1
6742c0cad406b096220fbc20,2588.7047824401075,369.7621457563359,1.0239869469147942,4,0.0,0.0,0,0.0,0.0,0.0,0.999857163262391,78.14285714285714,78.14285714285714,0,0,173.0,7.001,0.8,0.0,1
6742c0dbd406b096220fbc21,2198.218089119601,313.5831796176321,1.0244157747226075,4,0.0,0.0,0,0.0,0.0,0.0,0.7132667617689016,110.8,110.8,0,0,155.0,7.01,0.8,0.0,1
6742c0ebd406b096220fbc22,2445.4243717882587,349.24655409715206,1.7599107011134334,4,0.0,0.0,0,0.0,0.0,0.0,1.7137960582690661,84.5,84.5,0,0,185.0,7.002,0.8,0.0,1
6742c0f1d406b096220fbc23,2409.05244408316,171.96462588929688,20.443431323961264,1,0.0,0.0,0,0.0,0.0,0.0,1.9987151117138982,120.28571428571429,120.28571428571429,0,0,212.0,14.009,0.8,0.0,1
6742c0fbd406b096220fbc24,2229.532832875671,318.4591962399187,0.6970587418186656,4,0.0,0.0,0,0.0,0.0,0.0,0.571346950435652,97.75,97.75,0,0,174.0,7.001,0.8,0.0,1
6742c10dd406b096220fbc25,1458.6670184204384,208.14312477460592,0.8464285008646404,4,0.0,0.0,0,0.0,0.0,0.0,0.8561643835616438,100.0,100.0,0,0,95.0,7.008,0.8,0.0,1
6742c166d406b096220fbc26,2008.6779190941857,286.3812259900464,1.3095272415437063,4,0.0,0.0,0,0.0,0.0,0.0,0.998003992015968,53.0,53.0,0,0,150.0,7.014,0.8,0.0,1
6742c177d406b096220fbc27,1681.4446782098257,240.0349290806318,1.21720621513748,4,0.0,0.0,0,0.0,0.0,0.0,1.7130620985010707,105.58333333333333,105.58333333333333,0,0,186.0,7.005,0.8,0.0,1
6742c185d406b096220fbc28,4290.188536751574,612.0097769973715,4.373498374556681,5,0.0,0.0,0,0.0,0.0,0.0,1.9971469329529246,98.21428571428571,98.21428571428571,0,0,173.0,7.01,0.8,0.0,1
6742c1b8d406b096220fbc29,1418.2774939878198,202.2066572551782,0.9537973833530657,4,0.0,0.0,0,0.0,0.0,0.0,1.140575990875392,133.5,133.5,0,0,144.0,7.014,0.8,0.0,1
6742c1c8d406b096220fbc2a,2174.5722071782,310.52009241442244,1.1777065610270039,4,0.0,0.0,0,0.0,0.0,0.0,1.2851635013565614,108.44444444444444,108.44444444444444,0,0,174.0,7.003,0.8,0.0,1
6742c1d9d406b096220fbc2b,2386.1200189752262,340.1939006237847,1.472218771352588,4,0.0,0.0,0,0.0,0.0,0.0,0.998003992015968,130.57142857142858,130.57142857142858,0,0,188.0,7.014,0.8,0.0,1
6742c1e9d406b096220fbc2c,2121.366624267759,303.0090878828395,0.7691336918169465,4,0.0,0.0,0,0.0,0.0,0.0,0.571346950435652,98.25,98.25,0,0,126.0,7.001,0.8,0.0,1
6742c1fbd406b096220fbc2d,2084.7790444101547,297.61299706069303,1.5506271132817344,4,0.0,0.0,0,0.0,0.0,0.0,1.284796573875803,99.22222222222223,99.22222222222223,0,0,201.0,7.005,0.8,0.0,1
6742c278d406b096220fbc2e,1195.7155035542555,85.31683935456692,6.696023797290266,4,0.07135212272565108,0.0,0,1134.0,531.0,0.0,2.0692115590438815,119.62068965517241,119.62068965517241,0,0,202.0,14.015,0.8,0.0,1
6742c283d406b096220fbc2f,10544.02475370953,1496.455400753552,352.6248006025668,4,0.1419244961680386,0.0,0,1130.0,181.0,0.0,0.1419244961680386,0.0,107.0,0,0,0.0,7.046,0.8,0.0,1
6742c295d406b096220fbc30,2381.0758459476247,339.52314928669966,0.8837266866848232,4,0.0,0.0,0,0.0,0.0,0.0,0.42777698559817484,98.0,98.0,0,0,145.0,7.013,0.8,0.0,1
6742c2a6d406b096220fbc31,1943.8272029567318,277.3726031616341,1.068721705770926,4,0.0,0.0,0,0.0,0.0,0.0,0.5707762557077626,104.0,104.0,0,0,152.0,7.008,0.8,0.0,1
6742c2b7d406b096220fbc32,2668.1706947125085,381.00395469263293,2.152842292940104,5,0.0,0.0,0,0.0,0.0,0.0,0.4283878337855205,77.66666666666667,77.66666666666667,0,0,65.0,7.003,0.8,0.0,1
6742c2ecd406b096220fbc33,2604.6097362375785,371.82151837795556,2.344970978261541,5,0.0,0.0,0,0.0,0.0,0.0,0.4282655246252677,99.33333333333333,99.33333333333333,0,0,126.0,7.005,0.8,0.0,1
6742c30ed406b096220fbc34,1769.2486492369144,252.20935840868347,0.666189562195593,4,0.0,0.0,0,0.0,0.0,0.0,1.1404133998574484,104.875,104.875,0,0,186.0,7.015,0.8,0.0,1
6742c330d406b096220fbc35,1939.4442328326795,276.86570061851245,0.68323495030081,4,0.0,0.0,0,0.0,0.0,0.0,0.7137758743754461,85.0,85.0,0,0,174.0,7.005,0.8,0.0,1
6742c340d406b096220fbc36,2530.455469236342,361.0809744914872,2.636133419926658,5,0.0,0.0,0,0.0,0.0,0.0,0.9988584474885844,83.85714285714286,83.85714285714286,0,0,139.0,7.008,0.8,0.0,1
6742c351d406b096220fbc37,2198.7515361469464,313.4357143473908,1.386772851315187,4,0.0,0.0,0,0.0,0.0,0.0,0.9978617248752674,92.42857142857143,92.42857142857143,0,0,153.0,7.015,0.8,0.0,1
6742c362d406b096220fbc38,1512.1975929691541,215.62777598305348,0.7856889813981481,4,0.0,0.0,0,0.0,0.0,0.0,0.8555539711963497,120.0,120.0,0,0,171.0,7.013,0.8,0.0,1
6742c373d406b096220fbc39,1793.4525386567293,255.80552541102972,1.1141763275572178,4,0.0,0.0,0,0.0,0.0,0.0,0.8557980316645272,114.66666666666667,114.66666666666667,0,0,155.0,7.011,0.8,0.0,1
6742c384d406b096220fbc3a,2077.9533563254054,296.68094750505503,1.4128332579523581,4,0.0,0.0,0,0.0,0.0,0.0,0.8566533409480298,152.83333333333334,152.83333333333334,0,0,158.0,7.004,0.8,0.0,1
6742c395d406b096220fbc3b,1821.060402811943,259.5952106645678,0.9075810187322235,4,0.0,0.0,0,0.0,0.0,0.0,1.2829650748396295,105.77777777777777,105.77777777777777,0,0,198.0,7.015,0.8,0.0,1
6742c3a5d406b096220fbc3c,2192.0517989219097,312.56977027262366,1.3876446395940645,4,0.0,0.0,0,0.0,0.0,0.0,0.8555539711963497,127.5,127.5,0,0,126.0,7.013,0.8,0.0,1
6742c3b6d406b096220fbc3d,1781.2042136461766,254.23982495663384,1.3535266526208534,4,0.0,0.0,0,0.0,0.0,0.0,0.5709391949757351,71.5,71.5,0,0,111.0,7.006,0.8,0.0,1
6742c3c6d406b096220fbc3e,1555.8529096210625,222.23295380960755,0.9606613327202369,4,0.0,0.0,0,0.0,0.0,0.0,0.857020425653478,127.5,127.5,0,0,172.0,7.001,0.8,0.0,1
6742c3d8d406b096220fbc3f,2438.6968179254004,348.13659071026416,2.2080433773744654,5,0.0,0.0,0,0.0,0.0,0.0,0.5710206995003569,140.25,140.25,0,0,157.0,7.005,0.8,0.0,1
6742c3e9d406b096220fbc40,2114.7268141625514,301.5438206420293,1.1704198052279866,4,0.0,0.0,0,0.0,0.0,0.0,0.5703693141308998,133.0,133.0,0,0,108.0,7.013,0.8,0.0,1
6742c3f9d406b096220fbc41,2297.738706171107,327.5465012360808,2.3414598956448263,5,0.0,0.0,0,0.0,0.0,0.0,0.5702066999287242,120.25,120.25,0,0,156.0,7.015,0.8,0.0,1
6742c40ad406b096220fbc42,2123.201872706482,303.1413296268535,0.9722016395529663,4,0.0,0.0,0,0.0,0.0,0.0,1.142204454597373,130.25,130.25,0,0,158.0,7.004,0.8,0.0,1
6742c41bd406b096220fbc43,2607.9626898980664,371.8224536495675,1.8481647110491892,4,0.0,0.0,0,0.0,0.0,0.0,1.2831479897348161,83.44444444444444,83.44444444444444,0,0,112.0,7.014,0.8,0.0,1
6742c427d406b096220fbc44,1530.3805366460404,218.50093327327818,6.206095793653205,25,0.5711022272986865,0.0,0,861.25,561.0,85.4052842981552,4.283266704740149,109.1,109.1,0,0,129.0,7.004,0.8,0.0,1
6742c42bd406b096220fbc45,2053.9794600989944,293.3418252069401,1.6235302823790094,4,0.0,0.0,0,0.0,0.0,0.0,0.2856326763781777,52.5,52.5,0,0,41.0,7.002,0.8,0.0,1
6742c55ed406b096220fbc46,1532.534344854694,10.42533278586332,7.609070848906157,60,0.013605349623471949,0.0,0,864.5,507.5,97.12878049270464,0.061224073305623766,126.77777777777777,126.77777777777777,0,0,66.0,147.001,0.8,0.0,0
6742c565d406b096220fbc47,330.3044158297369,2.1448338690242656,5.4016458397212395,17,0.0,0.0,0,0.0,0.0,0.0,0.09090909090909091,156.07692307692307,156.07692307692307,1,0,527.0,154.0,0.8,0.0,0
6742c573d406b096220fbc48,1399.6799158594708,8.331378479053523,8.490691181210979,9,0.005952345521752846,0.0,0,948.0,535.0,0.0,0.01785703656525854,111.0,111.0,9,0,48.0,168.001,0.8,0.0,0
67546dc146cd73b9e869cec2,721.448379253297,20.61222191518234,5.758755534498964,57,0.11428244907288364,0.0,0,751.75,385.25,205.1611684832486,0.971400817119511,125.47058823529412,125.47058823529412,1,0,473.0,35.001,0.8,0.0,0
67546dc246cd73b9e869cec3,129.49101830624653,18.496074604520285,1.0301575072754254,26,0.142836737608913,0.0,0,669.0,323.0,0.0,2.142551064133695,114.0,114.0,0,0,132.0,7.001,0.8,0.0,0
67546dc346cd73b9e869cec4,237.63642873751309,16.972818279945226,1.6996731711975948,49,0.2142704092564817,0.0,0,654.3333333333334,410.0,90.36650114364988,2.0712806228126563,123.93103448275862,123.93103448275862,1,0,473.0,14.001,0.8,0.0,0
67546dc346cd73b9e869cec5,721.448379253297,25.765093362854792,5.758755534498964,57,0.14285204099853577,0.0,0,751.75,385.25,205.1611684832486,1.214242348487554,125.47058823529412,125.47058823529412,1,0,473.0,28.001,0.8,0.0,0
67546dc346cd73b9e869cec6,721.448379253297,14.723135839131794,5.758755534498964,57,0.08163098712271179,0.0,0,751.75,385.25,205.1611684832486,0.6938633905430501,125.47058823529412,125.47058823529412,1,0,473.0,49.001,0.8,0.0,0
67546dc446cd73b9e869cec7,721.448379253297,17.176524433438814,5.758755534498964,57,0.09523356030665206,0.0,0,751.75,385.25,205.1611684832486,0.8094852626065425,125.47058823529412,125.47058823529412,1,0,473.0,42.002,0.8,0.0,0
67546dc446cd73b9e869cec8,721.448379253297,34.35304886687763,5.758755534498964,57,0.19046712061330412,0.0,0,751.75,385.25,205.1611684832486,1.618970525213085,125.47058823529412,125.47058823529412,1,0,473.0,21.001,0.8,0.0,0
